1	아이는 무엇으로 자라는가	강유리 역	포레스트북스	15750
2	남에게 보여주려고 인생을 낭비하지 마라	쇼펜하우어/박제헌 역	페이지2북스	15750
2	마흔에 읽는 쇼펜하우어	강용수	유노북스	15300
4	처음부터 시작하는 주식투자 단타전략	홍인기	길벗	18900
4	세이노의 가르침	세이노	데이원	6480
6	화폐 권력과 민주주의	최배근	월요일의 꿈	16920
7	사랑인 줄 알았는데 부정맥	전국유로실버타운협회/이지수 역	포레스트북스	11970
7	죽음이 물었다, 어떻게 살 거냐고	한스 할터/한윤진 역	포레스트북스	16020
7	ETS 토익 정기시험 기출문제집 1000 Vol 4 RC(리딩)	ETS	YBM	17820
7	ETS 토익 정기시험 기출문제집 1000 Vol 4 LC(리스닝)	ETS	YBM	17820
7	퓨처 셀프	벤저민 하디/최은아 역	상상스퀘어	17820
12	사는 동안 한 번은 팔아봐라	서과장, 서과장	마인드셋	17820
12	마음 지구력	윤홍균	21세기북스	19800
12	데일 카네기 인간관계론(무삭제 완역본)	데일 카네기/박선영 역	상상스퀘어	17820
12	100일 아침 습관의 기적	켈리 최	다산북스	17100
